اسم الموظف,المنصب,رقم الهاتف,القسم,حالة الصورة,ملف الصورة المطلوب,ملاحظات
محمد عبد المنعم,مدير الموارد البشرية,01009788530,الموارد البشرية,غير موجودة,/public/images/mohammad-abdel-moniem.jpeg,حرج - يتطلب صورة فوراً
محمد حسني,المدير العام,01092942444,الإدارة العامة,غير موجودة,/public/images/mohammad-hosny.jpeg,حرج - يتطلب صورة فوراً
إسلام خالد,مدير المكتب الفني,01156679887,المكتب الفني,غير موجودة,/public/images/eslam-khaled.jpeg,حرج - يتطلب صورة فوراً
محمد سعيد محمد,مدير قسم التشغيل,01278865930,قسم التشغيل,غير موجودة,/public/images/mohammad-saeed-mohammad.jpeg,حرج - يتطلب صورة فوراً
م/ أحمد شوقي,رئيس مجلس الإدارة,01000000001,الإدارة العليا,موجودة,/ceo-ahmed-shawky.jpg,✅ اكتمل
م/ إيمان,نائب رئيس مجلس الإدارة,01111027766,الإدارة العليا,موجودة,/vice-ceo-iman.jpg,✅ اكتمل - تم تحديث الرقم
هاجر عبد العزيز,HR,01110800543,الموارد البشرية,موجودة,/images/d9-87-d8-a7-d8-ac-d8-b1-20-d8-b9-d8-a8-d8-af-20-d8-a7-d9-84-d8-b9-d8-b2-d9-8a-d8-b2.jpeg,✅ اكتمل
وائل رأفت أمين,مدير الحسابات,01288938070,المالية,موجودة,/images/d9-88-d8-a7-d9-89-d9-84-20-d8-b1-d8-a7-d9-81-d8-aa.jpeg,✅ اكتمل
م/ مصطفى شوقي,مدير السوشيال ميديا,01002776674,التسويق,موجودة,/images/d9-85-20-d9-85-d8-b5-d8-b7-d9-81-d9-8a-20-d8-b4-d9-88-d9-82-d9-8a-20.jpeg,✅ اكتمل
